<?xml version="1.0" encoding="utf-8" ?>
		<hibernate-mapping xmlns="urn:nhibernate-mapping-2.2"
		                   assembly="LePapeoGenNHibernate"
		                   namespace="LePapeoGenNHibernate.EN.LePapeo">
		    
		    
			
				<class name="HorarioSemanaEN" table="HorarioSemana"> 
				  	
						<id name="Id" column="idHorarioSemana" type="integer"> 
							<generator class="hilo"/>
						</id>
			
					
					<property name="Lunes" type="boolean"> 
						<column name="Lunes"  not-null="true"/>
					</property>
					<property name="Martes" type="boolean"> 
						<column name="Martes"  not-null="true"/>
					</property>
					<property name="Miercoles" type="boolean"> 
						<column name="Miercoles"  not-null="true"/>
					</property>
					<property name="Jueves" type="boolean"> 
						<column name="Jueves"  not-null="true"/>
					</property>
					<property name="Viernes" type="boolean"> 
						<column name="Viernes"  not-null="true"/>
					</property>
					<property name="Sabado" type="boolean"> 
						<column name="Sabado"  not-null="true"/>
					</property>
					<property name="Domingo" type="boolean"> 
						<column name="Domingo"  not-null="true"/>
					</property>
			
			
			
			
			
			
			
			
			
			
		  			
						<bag name="HorarioDia" >
							<key>
							
								
								<column name="FK_idHorarioSemana_idHorarioSemana"/>
					      	</key>
							<one-to-many class="LePapeoGenNHibernate.EN.LePapeo.HorarioDiaEN"/>
					    </bag>
					
			
		  			
						<bag name="Restaurante" >
							<key>
							
								
								<column name="FK_idHorarioSemana_idHorarioSemana"/>
					      	</key>
							<one-to-many class="LePapeoGenNHibernate.EN.LePapeo.RestauranteEN"/>
					    </bag>
					
					
					
					
					
					
					
					
					
					
					
		
		 </class>	
		  
		  <query name="HorarioSemanaENReadAllHQL">from HorarioSemanaEN</query>
		</hibernate-mapping>
	