<?xml version="1.0" encoding="utf-8" ?>
		<hibernate-mapping xmlns="urn:nhibernate-mapping-2.2"
		                   assembly="LePapeoGenNHibernate"
		                   namespace="LePapeoGenNHibernate.EN.LePapeo">
		    
		    
			
				<class name="HorarioDiaEN" table="HorarioDia"> 
				  	
						<id name="Id" column="idHorarioDia" type="integer"> 
							<generator class="hilo"/>
						</id>
			
					
					<property name="Hora_ini_am" type="timestamp"> 
						<column name="hora_ini_am"  not-null="true"/>
					</property>
					<property name="Hora_fin_am" type="timestamp"> 
						<column name="hora_fin_am"  not-null="true"/>
					</property>
					<property name="Hora_ini_pm" type="timestamp"> 
						<column name="hora_ini_pm"  not-null="true"/>
					</property>
					<property name="Hora_fin_pm" type="timestamp"> 
						<column name="hora_fin_pm"  not-null="true"/>
					</property>
					<property name="Dia" > 
						<column name="dia"  not-null="true"/>
					</property>
			
			
			
			
			
			
			
		  			
						<many-to-one name="HorarioSemana" class="LePapeoGenNHibernate.EN.LePapeo.HorarioSemanaEN" >	
								<column name="FK_idHorarioSemana_idHorarioSemana"/> 
						</many-to-one>
											 					
			
					
					
					
					
					
					
					
		
		 </class>	
		  
		  <query name="HorarioDiaENReadAllHQL">from HorarioDiaEN</query>
		</hibernate-mapping>
	