<?xml version="1.0" encoding="utf-8" ?>
		<hibernate-mapping xmlns="urn:nhibernate-mapping-2.2"
		                   assembly="LePapeoGenNHibernate"
		                   namespace="LePapeoGenNHibernate.EN.LePapeo">
		    
		    
			
				<class name="HorarioEN" table="Horario"> 
				  	
						<id name="Id" column="idHorario" type="integer"> 
							<generator class="hilo"/>
						</id>
			
					
					<property name="Dias" > 
						<column name="dias"  not-null="true"/>
					</property>
					<property name="Date_ini" type="date"> 
						<column name="date_ini"  not-null="true"/>
					</property>
					<property name="Date_fin" type="date"> 
						<column name="date_fin"  not-null="true"/>
					</property>
					<property name="Attribute" type="string"> 
						<column name="attribute"  not-null="true"/>
					</property>
			
			
			
			
			
			
					
					
					
					
					
		
		 </class>	
		  
		  <query name="HorarioENReadAllHQL">from HorarioEN</query>
		</hibernate-mapping>
	