<?xml version="1.0" encoding="utf-8" ?>
		<hibernate-mapping xmlns="urn:nhibernate-mapping-2.2"
		                   assembly="LePapeoGenNHibernate"
		                   namespace="LePapeoGenNHibernate.EN.LePapeo">
		    
		    
			
				<class name="NotificacionGenericaEN" table="NotificacionGenerica"> 
				  	
						<id name="Id" column="idNotificacionGenerica" type="integer"> 
							<generator class="hilo"/>
						</id>
			
					
					<property name="Tipo" > 
						<column name="tipo"  not-null="true"/>
					</property>
					<property name="Texto" type="string"> 
						<column name="texto"  not-null="true"/>
					</property>
					<property name="Nombre" type="string"> 
						<column name="nombre"  not-null="true"/>
					</property>
			
			
		  			
						<bag name="Notificacion" >
							<key>
							
								
								<column name="FK_idNotificacionGenerica_idNotificacionGenerica"/>
					      	</key>
							<one-to-many class="LePapeoGenNHibernate.EN.LePapeo.NotificacionEN"/>
					    </bag>
					
			
			
			
			
					
					
					
					
					
		
		 </class>	
		  
		  <query name="NotificacionGenericaENReadAllHQL">from NotificacionGenericaEN</query>
		</hibernate-mapping>
	