<?xml version="1.0" encoding="utf-8" ?>
		<hibernate-mapping xmlns="urn:nhibernate-mapping-2.2"
		                   assembly="LePapeoGenNHibernate"
		                   namespace="LePapeoGenNHibernate.EN.LePapeo">
		    
		    
			
				<class name="ReservaEN" table="Reserva"> 
				  	
						<id name="Id" column="idReserva" type="integer"> 
							<generator class="hilo"/>
						</id>
			
					
					<property name="Comensales" type="integer"> 
						<column name="comensales"  not-null="true"/>
					</property>
					<property name="Estado" > 
						<column name="estado"  not-null="true"/>
					</property>
					<property name="Finalizada" type="boolean"> 
						<column name="finalizada"  not-null="true"/>
					</property>
					<property name="Fecha_hora" type="timestamp"> 
						<column name="fecha_hora"  not-null="true"/>
					</property>
			
			
		  			
						<many-to-one name="Registrado" class="LePapeoGenNHibernate.EN.LePapeo.RegistradoEN" >	
								<column name="FK_idUsuario_idRegistrado"/> 
						</many-to-one>
											 					
			
		  			
						<many-to-one name="Restaurante" class="LePapeoGenNHibernate.EN.LePapeo.RestauranteEN" >	
								<column name="FK_idUsuario_idRestaurante"/> 
						</many-to-one>
											 					
			
			
			
			
			
					
					
					
					
					
					
					
		
		 </class>	
		  
		  <query name="ReservaENReadAllHQL">from ReservaEN</query>
		</hibernate-mapping>
	