<?xml version="1.0" encoding="utf-8" ?>
		<hibernate-mapping xmlns="urn:nhibernate-mapping-2.2"
		                   assembly="LePapeoGenNHibernate"
		                   namespace="LePapeoGenNHibernate.EN.LePapeo">
		    
		    
			
				<class name="NotificacionEN" table="Notificacion"> 
				  	
						<id name="Id" column="idNotificacion" type="integer"> 
							<generator class="hilo"/>
						</id>
			
					
					<property name="Contenido" type="string"> 
						<column name="contenido"  not-null="true"/>
					</property>
			
			
			
		  			
						<many-to-one name="Registrado" class="LePapeoGenNHibernate.EN.LePapeo.RegistradoEN" >	
								<column name="FK_idUsuario_idRegistrado"/> 
						</many-to-one>
											 					
			
		  			
						<many-to-one name="Restaurante" class="LePapeoGenNHibernate.EN.LePapeo.RestauranteEN" >	
								<column name="FK_idUsuario_idRestaurante"/> 
						</many-to-one>
											 					
			
					
					
					
					
		
		 </class>	
		  
		  <query name="NotificacionENReadAllHQL">from NotificacionEN</query>
		</hibernate-mapping>
	