<?xml version="1.0" encoding="utf-8" ?>
		<hibernate-mapping xmlns="urn:nhibernate-mapping-2.2"
		                   assembly="LePapeoGenNHibernate"
		                   namespace="LePapeoGenNHibernate.EN.LePapeo">
		    
		    
			
				<class name="OpinionEN" table="Opinion"> 
				  	
						<id name="Id" column="idOpinion" type="integer"> 
							<generator class="hilo"/>
						</id>
			
					
					<property name="Valoracion" > 
						<column name="valoracion"  not-null="true"/>
					</property>
					<property name="Titulo" type="string"> 
						<column name="titulo"  not-null="true"/>
					</property>
					<property name="Comentario" type="string"> 
						<column name="comentario"  not-null="true"/>
					</property>
			
			
			
			
			
			
		  			
						<many-to-one name="Registrado" class="LePapeoGenNHibernate.EN.LePapeo.RegistradoEN" >	
								<column name="FK_idUsuario_idRegistrado"/> 
						</many-to-one>
											 					
			
		  			
						<many-to-one name="Restaurante" class="LePapeoGenNHibernate.EN.LePapeo.RestauranteEN" >	
								<column name="FK_idUsuario_idRestaurante"/> 
						</many-to-one>
											 					
					
					
					
					
					
					
		
		 </class>	
		  
		  <query name="OpinionENReadAllHQL">from OpinionEN</query>
		</hibernate-mapping>
	