<?xml version="1.0" encoding="utf-8" ?>
		<hibernate-mapping xmlns="urn:nhibernate-mapping-2.2"
		                   assembly="LePapeoGenNHibernate"
		                   namespace="LePapeoGenNHibernate.EN.LePapeo">
		    
		    
			
				
<joined-subclass name="RegistradoEN" extends="LePapeoGenNHibernate.EN.LePapeo.UsuarioEN" table="Registrado"> 
	<key>
    	
				<column name="idUsuario"/>
		
    	
   	</key>

			
					
					<property name="Nombre" type="string"> 
						<column name="nombre"  not-null="true"/>
					</property>
					<property name="Apellidos" type="string"> 
						<column name="apellidos"  not-null="true"/>
					</property>
					<property name="Fecha_nac" type="date"> 
						<column name="fecha_nac"  not-null="true"/>
					</property>
					<property name="Ciudad" type="string"> 
						<column name="ciudad"  not-null="true"/>
					</property>
					<property name="Cod_pos" type="integer"> 
						<column name="cod_pos"  not-null="true"/>
					</property>
					<property name="Calle" type="string"> 
						<column name="calle"  not-null="true"/>
					</property>
			
			
			
			
			
			
			
			
		  			
						<bag name="Reserva" >
							<key>
							
								
								<column name="FK_idUsuario_idRegistrado"/>
					      	</key>
							<one-to-many class="LePapeoGenNHibernate.EN.LePapeo.ReservaEN"/>
					    </bag>
					
			
		  			
						<bag name="Opinion" >
							<key>
							
								
								<column name="FK_idUsuario_idRegistrado"/>
					      	</key>
							<one-to-many class="LePapeoGenNHibernate.EN.LePapeo.OpinionEN"/>
					    </bag>
					
			
		  			
						<bag name="Notificacion" >
							<key>
							
								
								<column name="FK_idUsuario_idRegistrado"/>
					      	</key>
							<one-to-many class="LePapeoGenNHibernate.EN.LePapeo.NotificacionEN"/>
					    </bag>
					
					
					
					
					
					
					
					
					
					
		
 	  
		 </joined-subclass>
		  
		  <query name="RegistradoENReadAllHQL">from RegistradoEN</query>
		</hibernate-mapping>
	