<?xml version="1.0" encoding="utf-8" ?>
		<hibernate-mapping xmlns="urn:nhibernate-mapping-2.2"
		                   assembly="LePapeoGenNHibernate"
		                   namespace="LePapeoGenNHibernate.EN.LePapeo">
		    
		    
			
				<class name="UsuarioEN" table="Usuario"> 
				  	
						<id name="Id" column="idUsuario" type="integer"> 
							<generator class="hilo"/>
						</id>
			
					
					<property name="Password" type="string"> 
						<column name="password"  not-null="true"/>
					</property>
					<property name="Email" type="string"> 
						<column name="email"  not-null="true"/>
					</property>
			
			
			
			
					
					
					
		
		 </class>	
		  
		  <query name="UsuarioENReadAllHQL">from UsuarioEN</query>
		</hibernate-mapping>
	